File Name,Time
1082591.json,2023-06-06 17:28:32
1082592.json,2023-06-06 17:28:32
1082593.json,2023-06-06 17:28:32
1082594.json,2023-06-06 17:28:32
1082595.json,2023-06-06 17:28:32
1082596.json,2023-06-06 17:28:32
1082597.json,2023-06-06 17:28:32
1082598.json,2023-06-06 17:28:32
1082599.json,2023-06-06 17:28:32
1082600.json,2023-06-06 17:28:32
1082601.json,2023-06-06 17:28:32
1082602.json,2023-06-06 17:28:32
1082603.json,2023-06-06 17:28:32
1082604.json,2023-06-06 17:28:32
1082605.json,2023-06-06 17:28:32
1082606.json,2023-06-06 17:28:32
1082607.json,2023-06-06 17:28:32
1082608.json,2023-06-06 17:28:32
1082609.json,2023-06-06 17:28:32
1082610.json,2023-06-06 17:28:32
1082611.json,2023-06-06 17:28:32
1082612.json,2023-06-06 17:28:32
1082613.json,2023-06-06 17:28:32
1082614.json,2023-06-06 17:28:32
1082615.json,2023-06-06 17:28:32
1082616.json,2023-06-06 17:28:32
1082617.json,2023-06-06 17:28:32
1082618.json,2023-06-06 17:28:32
1082620.json,2023-06-06 17:28:32
1082621.json,2023-06-06 17:28:32
1082622.json,2023-06-06 17:28:32
1082623.json,2023-06-06 17:28:32
1082624.json,2023-06-06 17:28:32
1082625.json,2023-06-06 17:28:32
1082626.json,2023-06-06 17:28:32
1082627.json,2023-06-06 17:28:32
1082628.json,2023-06-06 17:28:32
1082629.json,2023-06-06 17:28:32
1082630.json,2023-06-06 17:28:32
1082631.json,2023-06-06 17:28:32
1082632.json,2023-06-06 17:28:32
1082633.json,2023-06-06 17:28:32
1082634.json,2023-06-06 17:28:32
1082635.json,2023-06-06 17:28:32
1082636.json,2023-06-06 17:28:32
1082637.json,2023-06-06 17:28:32
1082638.json,2023-06-06 17:28:32
1082639.json,2023-06-06 17:28:32
1082640.json,2023-06-06 17:28:32
1082641.json,2023-06-06 17:28:32
1082642.json,2023-06-06 17:28:32
1082643.json,2023-06-06 17:28:32
1082644.json,2023-06-06 17:28:32
1082645.json,2023-06-06 17:28:32
1082646.json,2023-06-06 17:28:32
1082647.json,2023-06-06 17:28:32
1082648.json,2023-06-06 17:28:32
1082649.json,2023-06-06 17:28:32
1082650.json,2023-06-06 17:28:32
1136561.json,2023-06-06 17:28:32
1136562.json,2023-06-06 17:28:32
1136563.json,2023-06-06 17:28:32
1136564.json,2023-06-06 17:28:32
1136565.json,2023-06-06 17:28:32
1136566.json,2023-06-06 17:28:32
1136567.json,2023-06-06 17:28:32
1136568.json,2023-06-06 17:28:32
1136569.json,2023-06-06 17:28:32
1136570.json,2023-06-06 17:28:32
1136571.json,2023-06-06 17:28:32
1136572.json,2023-06-06 17:28:32
1136573.json,2023-06-06 17:28:32
1136574.json,2023-06-06 17:28:32
1136575.json,2023-06-06 17:28:32
1136576.json,2023-06-06 17:28:32
1136577.json,2023-06-06 17:28:32
1136578.json,2023-06-06 17:28:32
1136579.json,2023-06-06 17:28:32
1136580.json,2023-06-06 17:28:32
1136581.json,2023-06-06 17:28:32
1136582.json,2023-06-06 17:28:32
1136583.json,2023-06-06 17:28:32
1136584.json,2023-06-06 17:28:32
1136585.json,2023-06-06 17:28:32
1136586.json,2023-06-06 17:28:32
1136587.json,2023-06-06 17:28:32
1136588.json,2023-06-06 17:28:32
1136589.json,2023-06-06 17:28:32
1136590.json,2023-06-06 17:28:32
1136591.json,2023-06-06 17:28:32
1136592.json,2023-06-06 17:28:32
1136593.json,2023-06-06 17:28:32
1136594.json,2023-06-06 17:28:32
1136595.json,2023-06-06 17:28:32
1136596.json,2023-06-06 17:28:32
1136597.json,2023-06-06 17:28:32
1136598.json,2023-06-06 17:28:32
1136599.json,2023-06-06 17:28:32
1136600.json,2023-06-06 17:28:32
1136601.json,2023-06-06 17:28:32
1136602.json,2023-06-06 17:28:32
1136603.json,2023-06-06 17:28:32
1136604.json,2023-06-06 17:28:32
1136605.json,2023-06-06 17:28:32
1136606.json,2023-06-06 17:28:32
1136607.json,2023-06-06 17:28:32
1136608.json,2023-06-06 17:28:32
1136609.json,2023-06-06 17:28:32
1136610.json,2023-06-06 17:28:32
1136611.json,2023-06-06 17:28:32
1136612.json,2023-06-06 17:28:32
1136613.json,2023-06-06 17:28:32
1136614.json,2023-06-06 17:28:32
1136615.json,2023-06-06 17:28:32
1136616.json,2023-06-06 17:28:32
1136617.json,2023-06-06 17:28:32
1136618.json,2023-06-06 17:28:32
1136619.json,2023-06-06 17:28:32
1136620.json,2023-06-06 17:28:32
1175356.json,2023-06-06 17:28:32
1175357.json,2023-06-06 17:28:32
1175358.json,2023-06-06 17:28:32
1175359.json,2023-06-06 17:28:32
1175360.json,2023-06-06 17:28:32
1175361.json,2023-06-06 17:28:32
1175362.json,2023-06-06 17:28:32
1175363.json,2023-06-06 17:28:32
1175364.json,2023-06-06 17:28:32
1175365.json,2023-06-06 17:28:32
1175366.json,2023-06-06 17:28:32
1175367.json,2023-06-06 17:28:32
1175368.json,2023-06-06 17:28:32
1175369.json,2023-06-06 17:28:32
1175370.json,2023-06-06 17:28:32
1175371.json,2023-06-06 17:28:32
1175372.json,2023-06-06 17:28:32
1178393.json,2023-06-06 17:28:32
1178394.json,2023-06-06 17:28:32
1178395.json,2023-06-06 17:28:32
1178396.json,2023-06-06 17:28:33
1178397.json,2023-06-06 17:28:33
1178398.json,2023-06-06 17:28:33
1178399.json,2023-06-06 17:28:33
1178400.json,2023-06-06 17:28:33
1178401.json,2023-06-06 17:28:33
1178402.json,2023-06-06 17:28:33
1178403.json,2023-06-06 17:28:33
1178404.json,2023-06-06 17:28:33
1178405.json,2023-06-06 17:28:33
1178406.json,2023-06-06 17:28:33
1178407.json,2023-06-06 17:28:33
1178408.json,2023-06-06 17:28:33
1178409.json,2023-06-06 17:28:33
1178410.json,2023-06-06 17:28:33
1178411.json,2023-06-06 17:28:33
1178412.json,2023-06-06 17:28:33
1178413.json,2023-06-06 17:28:33
1178414.json,2023-06-06 17:28:33
1178415.json,2023-06-06 17:28:33
1178416.json,2023-06-06 17:28:33
1178417.json,2023-06-06 17:28:33
1178418.json,2023-06-06 17:28:33
1178419.json,2023-06-06 17:28:33
1178420.json,2023-06-06 17:28:33
1178421.json,2023-06-06 17:28:33
1178422.json,2023-06-06 17:28:33
1178423.json,2023-06-06 17:28:33
1178424.json,2023-06-06 17:28:33
1178425.json,2023-06-06 17:28:33
1178426.json,2023-06-06 17:28:33
1178427.json,2023-06-06 17:28:33
1178428.json,2023-06-06 17:28:33
1178429.json,2023-06-06 17:28:33
1178430.json,2023-06-06 17:28:33
1178431.json,2023-06-06 17:28:33
1181764.json,2023-06-06 17:28:33
1181766.json,2023-06-06 17:28:33
1181767.json,2023-06-06 17:28:33
1181768.json,2023-06-06 17:28:33
1216492.json,2023-06-06 17:28:33
1216493.json,2023-06-06 17:28:33
1216494.json,2023-06-06 17:28:33
1216495.json,2023-06-06 17:28:33
1216496.json,2023-06-06 17:28:33
1216497.json,2023-06-06 17:28:33
1216498.json,2023-06-06 17:28:33
1216499.json,2023-06-06 17:28:33
1216500.json,2023-06-06 17:28:33
1216501.json,2023-06-06 17:28:33
1216502.json,2023-06-06 17:28:33
1216503.json,2023-06-06 17:28:33
1216504.json,2023-06-06 17:28:33
1216505.json,2023-06-06 17:28:33
1216506.json,2023-06-06 17:28:33
1216507.json,2023-06-06 17:28:33
1216508.json,2023-06-06 17:28:33
1216509.json,2023-06-06 17:28:33
1216510.json,2023-06-06 17:28:33
1216511.json,2023-06-06 17:28:33
1216512.json,2023-06-06 17:28:33
1216513.json,2023-06-06 17:28:33
1216514.json,2023-06-06 17:28:33
1216515.json,2023-06-06 17:28:33
1216516.json,2023-06-06 17:28:33
1216517.json,2023-06-06 17:28:33
1216518.json,2023-06-06 17:28:33
1216519.json,2023-06-06 17:28:33
1216520.json,2023-06-06 17:28:33
1216521.json,2023-06-06 17:28:33
1216522.json,2023-06-06 17:28:33
1216523.json,2023-06-06 17:28:33
1216524.json,2023-06-06 17:28:33
1216525.json,2023-06-06 17:28:33
1216526.json,2023-06-06 17:28:33
1216527.json,2023-06-06 17:28:33
1216528.json,2023-06-06 17:28:33
1216529.json,2023-06-06 17:28:33
1216530.json,2023-06-06 17:28:33
1216531.json,2023-06-06 17:28:33
1216532.json,2023-06-06 17:28:33
1216533.json,2023-06-06 17:28:33
1216534.json,2023-06-06 17:28:33
1216535.json,2023-06-06 17:28:33
1216536.json,2023-06-06 17:28:33
1216537.json,2023-06-06 17:28:33
1216538.json,2023-06-06 17:28:33
1216539.json,2023-06-06 17:28:33
1216540.json,2023-06-06 17:28:33
1216541.json,2023-06-06 17:28:33
1216542.json,2023-06-06 17:28:33
1216543.json,2023-06-06 17:28:33
1216544.json,2023-06-06 17:28:33
1216545.json,2023-06-06 17:28:33
1216546.json,2023-06-06 17:28:33
1216547.json,2023-06-06 17:28:33
1237177.json,2023-06-06 17:28:33
1237178.json,2023-06-06 17:28:33
1237180.json,2023-06-06 17:28:33
1237181.json,2023-06-06 17:28:33
1254058.json,2023-06-06 17:28:33
1254059.json,2023-06-06 17:28:33
1254060.json,2023-06-06 17:28:33
1254061.json,2023-06-06 17:28:33
1254062.json,2023-06-06 17:28:33
1254063.json,2023-06-06 17:28:33
1254064.json,2023-06-06 17:28:33
1254065.json,2023-06-06 17:28:33
1254066.json,2023-06-06 17:28:33
1254067.json,2023-06-06 17:28:33
1254068.json,2023-06-06 17:28:33
1254069.json,2023-06-06 17:28:33
1254070.json,2023-06-06 17:28:33
1254071.json,2023-06-06 17:28:33
1254072.json,2023-06-06 17:28:33
1254073.json,2023-06-06 17:28:33
1254074.json,2023-06-06 17:28:33
1254075.json,2023-06-06 17:28:33
1254076.json,2023-06-06 17:28:33
1254077.json,2023-06-06 17:28:33
1254078.json,2023-06-06 17:28:33
1254079.json,2023-06-06 17:28:33
1254080.json,2023-06-06 17:28:33
1254081.json,2023-06-06 17:28:33
1254082.json,2023-06-06 17:28:33
1254083.json,2023-06-06 17:28:33
1254084.json,2023-06-06 17:28:33
1254085.json,2023-06-06 17:28:33
1254086.json,2023-06-06 17:28:33
1254087.json,2023-06-06 17:28:33
1254088.json,2023-06-06 17:28:33
1254089.json,2023-06-06 17:28:33
1254090.json,2023-06-06 17:28:33
1254091.json,2023-06-06 17:28:33
1254092.json,2023-06-06 17:28:33
1254093.json,2023-06-06 17:28:33
1254094.json,2023-06-06 17:28:33
1254095.json,2023-06-06 17:28:33
1254096.json,2023-06-06 17:28:33
1254097.json,2023-06-06 17:28:33
1254098.json,2023-06-06 17:28:33
1254099.json,2023-06-06 17:28:33
1254100.json,2023-06-06 17:28:33
1254101.json,2023-06-06 17:28:33
1254102.json,2023-06-06 17:28:33
1254103.json,2023-06-06 17:28:33
1254104.json,2023-06-06 17:28:33
1254105.json,2023-06-06 17:28:33
1254106.json,2023-06-06 17:28:33
1254107.json,2023-06-06 17:28:33
1254108.json,2023-06-06 17:28:33
1254109.json,2023-06-06 17:28:33
1254110.json,2023-06-06 17:28:33
1254111.json,2023-06-06 17:28:33
1254112.json,2023-06-06 17:28:34
1254113.json,2023-06-06 17:28:34
1254114.json,2023-06-06 17:28:34
1254115.json,2023-06-06 17:28:34
1254116.json,2023-06-06 17:28:34
1254117.json,2023-06-06 17:28:34
1304047.json,2023-06-06 17:28:34
1304048.json,2023-06-06 17:28:34
1304049.json,2023-06-06 17:28:34
1304050.json,2023-06-06 17:28:34
1304051.json,2023-06-06 17:28:34
1304052.json,2023-06-06 17:28:34
1304053.json,2023-06-06 17:28:34
1304054.json,2023-06-06 17:28:34
1304055.json,2023-06-06 17:28:34
1304056.json,2023-06-06 17:28:34
1304057.json,2023-06-06 17:28:34
1304058.json,2023-06-06 17:28:34
1304059.json,2023-06-06 17:28:34
1304060.json,2023-06-06 17:28:34
1304061.json,2023-06-06 17:28:34
1304062.json,2023-06-06 17:28:34
1304063.json,2023-06-06 17:28:34
1304064.json,2023-06-06 17:28:34
1304065.json,2023-06-06 17:28:34
1304066.json,2023-06-06 17:28:34
1304067.json,2023-06-06 17:28:34
1304068.json,2023-06-06 17:28:34
1304069.json,2023-06-06 17:28:34
1304070.json,2023-06-06 17:28:34
1304071.json,2023-06-06 17:28:34
1304072.json,2023-06-06 17:28:34
1304073.json,2023-06-06 17:28:34
1304074.json,2023-06-06 17:28:34
1304075.json,2023-06-06 17:28:34
1304076.json,2023-06-06 17:28:34
1304077.json,2023-06-06 17:28:34
1304078.json,2023-06-06 17:28:34
1304079.json,2023-06-06 17:28:34
1304080.json,2023-06-06 17:28:34
1304081.json,2023-06-06 17:28:34
1304082.json,2023-06-06 17:28:34
1304083.json,2023-06-06 17:28:34
1304084.json,2023-06-06 17:28:34
1304085.json,2023-06-06 17:28:34
1304086.json,2023-06-06 17:28:34
1304087.json,2023-06-06 17:28:34
1304088.json,2023-06-06 17:28:34
1304089.json,2023-06-06 17:28:34
1304090.json,2023-06-06 17:28:34
1304091.json,2023-06-06 17:28:34
1304092.json,2023-06-06 17:28:34
1304093.json,2023-06-06 17:28:34
1304094.json,2023-06-06 17:28:34
1304095.json,2023-06-06 17:28:34
1304096.json,2023-06-06 17:28:34
1304097.json,2023-06-06 17:28:34
1304098.json,2023-06-06 17:28:34
1304099.json,2023-06-06 17:28:34
1304100.json,2023-06-06 17:28:34
1304101.json,2023-06-06 17:28:34
1304102.json,2023-06-06 17:28:34
1304103.json,2023-06-06 17:28:34
1304104.json,2023-06-06 17:28:34
1304105.json,2023-06-06 17:28:34
1304106.json,2023-06-06 17:28:34
1304107.json,2023-06-06 17:28:34
1304108.json,2023-06-06 17:28:34
1304109.json,2023-06-06 17:28:34
1304110.json,2023-06-06 17:28:34
1304111.json,2023-06-06 17:28:34
1304112.json,2023-06-06 17:28:34
1304113.json,2023-06-06 17:28:34
1304114.json,2023-06-06 17:28:34
1304115.json,2023-06-06 17:28:34
1304116.json,2023-06-06 17:28:34
1312197.json,2023-06-06 17:28:34
1312198.json,2023-06-06 17:28:34
1312199.json,2023-06-06 17:28:34
1312200.json,2023-06-06 17:28:34
1359475.json,2023-06-06 17:28:34
1359476.json,2023-06-06 17:28:34
1359477.json,2023-06-06 17:28:34
1359478.json,2023-06-06 17:28:34
1359479.json,2023-06-06 17:28:34
1359480.json,2023-06-06 17:28:34
1359481.json,2023-06-06 17:28:34
1359482.json,2023-06-06 17:28:34
1359483.json,2023-06-06 17:28:34
1359484.json,2023-06-06 17:28:34
1359485.json,2023-06-06 17:28:34
1359486.json,2023-06-06 17:28:34
1359487.json,2023-06-06 17:28:34
1359488.json,2023-06-06 17:28:34
1359489.json,2023-06-06 17:28:34
1359490.json,2023-06-06 17:28:34
1359491.json,2023-06-06 17:28:34
1359492.json,2023-06-06 17:28:34
1359493.json,2023-06-06 17:28:34
1359494.json,2023-06-06 17:28:34
1359495.json,2023-06-06 17:28:34
1359496.json,2023-06-06 17:28:34
1359497.json,2023-06-06 17:28:34
1359498.json,2023-06-06 17:28:34
1359499.json,2023-06-06 17:28:34
1359500.json,2023-06-06 17:28:34
1359501.json,2023-06-06 17:28:34
1359502.json,2023-06-06 17:28:34
1359503.json,2023-06-06 17:28:34
1359504.json,2023-06-06 17:28:34
1359505.json,2023-06-06 17:28:34
1359506.json,2023-06-06 17:28:34
1359507.json,2023-06-06 17:28:34
1359508.json,2023-06-06 17:28:34
1359509.json,2023-06-06 17:28:34
1359510.json,2023-06-06 17:28:34
1359511.json,2023-06-06 17:28:34
1359512.json,2023-06-06 17:28:34
1359513.json,2023-06-06 17:28:34
1359514.json,2023-06-06 17:28:34
1359515.json,2023-06-06 17:28:34
1359516.json,2023-06-06 17:28:34
1359517.json,2023-06-06 17:28:34
1359518.json,2023-06-06 17:28:34
1359519.json,2023-06-06 17:28:34
1359520.json,2023-06-06 17:28:34
1359521.json,2023-06-06 17:28:34
1359522.json,2023-06-06 17:28:34
1359523.json,2023-06-06 17:28:34
1359524.json,2023-06-06 17:28:34
1359525.json,2023-06-06 17:28:34
1359526.json,2023-06-06 17:28:34
1359527.json,2023-06-06 17:28:34
1359528.json,2023-06-06 17:28:34
1359529.json,2023-06-06 17:28:34
1359530.json,2023-06-06 17:28:34
1359531.json,2023-06-06 17:28:34
1359532.json,2023-06-06 17:28:34
1359533.json,2023-06-06 17:28:34
1359534.json,2023-06-06 17:28:34
1359535.json,2023-06-06 17:28:34
1359536.json,2023-06-06 17:28:34
1359537.json,2023-06-06 17:28:34
1359538.json,2023-06-06 17:28:34
1359539.json,2023-06-06 17:28:34
1359540.json,2023-06-06 17:28:34
1359541.json,2023-06-06 17:28:34
1359542.json,2023-06-06 17:28:34
1359543.json,2023-06-06 17:28:34
1359544.json,2023-06-06 17:28:34
1370350.json,2023-06-06 17:28:34
1370351.json,2023-06-06 17:28:34
1370352.json,2023-06-06 17:28:34
1370353.json,2023-06-06 17:28:34
335982.json,2023-06-06 17:28:34
335983.json,2023-06-06 17:28:34
335984.json,2023-06-06 17:28:34
335985.json,2023-06-06 17:28:34
335986.json,2023-06-06 17:28:34
335987.json,2023-06-06 17:28:34
335988.json,2023-06-06 17:28:34
335989.json,2023-06-06 17:28:35
335990.json,2023-06-06 17:28:35
335991.json,2023-06-06 17:28:35
335992.json,2023-06-06 17:28:35
335993.json,2023-06-06 17:28:35
335994.json,2023-06-06 17:28:35
335995.json,2023-06-06 17:28:35
335996.json,2023-06-06 17:28:35
335997.json,2023-06-06 17:28:35
335998.json,2023-06-06 17:28:35
335999.json,2023-06-06 17:28:35
336000.json,2023-06-06 17:28:35
336001.json,2023-06-06 17:28:35
336002.json,2023-06-06 17:28:35
336003.json,2023-06-06 17:28:35
336004.json,2023-06-06 17:28:35
336005.json,2023-06-06 17:28:35
336006.json,2023-06-06 17:28:35
336007.json,2023-06-06 17:28:35
336008.json,2023-06-06 17:28:35
336009.json,2023-06-06 17:28:35
336010.json,2023-06-06 17:28:35
336011.json,2023-06-06 17:28:35
336012.json,2023-06-06 17:28:35
336013.json,2023-06-06 17:28:35
336014.json,2023-06-06 17:28:35
336015.json,2023-06-06 17:28:35
336016.json,2023-06-06 17:28:35
336017.json,2023-06-06 17:28:35
336018.json,2023-06-06 17:28:35
336019.json,2023-06-06 17:28:35
336020.json,2023-06-06 17:28:35
336021.json,2023-06-06 17:28:35
336022.json,2023-06-06 17:28:35
336023.json,2023-06-06 17:28:35
336024.json,2023-06-06 17:28:35
336025.json,2023-06-06 17:28:35
336026.json,2023-06-06 17:28:35
336027.json,2023-06-06 17:28:35
336028.json,2023-06-06 17:28:35
336029.json,2023-06-06 17:28:35
336031.json,2023-06-06 17:28:35
336032.json,2023-06-06 17:28:35
336033.json,2023-06-06 17:28:35
336034.json,2023-06-06 17:28:35
336035.json,2023-06-06 17:28:35
336036.json,2023-06-06 17:28:35
336037.json,2023-06-06 17:28:35
336038.json,2023-06-06 17:28:35
336039.json,2023-06-06 17:28:35
336040.json,2023-06-06 17:28:35
392181.json,2023-06-06 17:28:35
392182.json,2023-06-06 17:28:35
392183.json,2023-06-06 17:28:35
392184.json,2023-06-06 17:28:35
392185.json,2023-06-06 17:28:35
392186.json,2023-06-06 17:28:35
392188.json,2023-06-06 17:28:35
392189.json,2023-06-06 17:28:35
392190.json,2023-06-06 17:28:35
392191.json,2023-06-06 17:28:35
392192.json,2023-06-06 17:28:35
392194.json,2023-06-06 17:28:35
392195.json,2023-06-06 17:28:35
392196.json,2023-06-06 17:28:35
392197.json,2023-06-06 17:28:35
392198.json,2023-06-06 17:28:35
392199.json,2023-06-06 17:28:35
392200.json,2023-06-06 17:28:35
392201.json,2023-06-06 17:28:35
392202.json,2023-06-06 17:28:35
392203.json,2023-06-06 17:28:35
392204.json,2023-06-06 17:28:35
392205.json,2023-06-06 17:28:35
392206.json,2023-06-06 17:28:35
392207.json,2023-06-06 17:28:35
392208.json,2023-06-06 17:28:35
392209.json,2023-06-06 17:28:35
392210.json,2023-06-06 17:28:35
392211.json,2023-06-06 17:28:35
392212.json,2023-06-06 17:28:35
392213.json,2023-06-06 17:28:35
392214.json,2023-06-06 17:28:35
392215.json,2023-06-06 17:28:35
392216.json,2023-06-06 17:28:35
392217.json,2023-06-06 17:28:35
392218.json,2023-06-06 17:28:35
392219.json,2023-06-06 17:28:35
392220.json,2023-06-06 17:28:35
392221.json,2023-06-06 17:28:35
392222.json,2023-06-06 17:28:35
392223.json,2023-06-06 17:28:35
392224.json,2023-06-06 17:28:35
392225.json,2023-06-06 17:28:35
392226.json,2023-06-06 17:28:35
392227.json,2023-06-06 17:28:35
392228.json,2023-06-06 17:28:35
392229.json,2023-06-06 17:28:35
392230.json,2023-06-06 17:28:35
392231.json,2023-06-06 17:28:35
392232.json,2023-06-06 17:28:35
392233.json,2023-06-06 17:28:35
392234.json,2023-06-06 17:28:35
392235.json,2023-06-06 17:28:35
392236.json,2023-06-06 17:28:35
392237.json,2023-06-06 17:28:35
392238.json,2023-06-06 17:28:35
392239.json,2023-06-06 17:28:35
419106.json,2023-06-06 17:28:35
419107.json,2023-06-06 17:28:35
419108.json,2023-06-06 17:28:35
419109.json,2023-06-06 17:28:35
419110.json,2023-06-06 17:28:35
419111.json,2023-06-06 17:28:35
419112.json,2023-06-06 17:28:35
419113.json,2023-06-06 17:28:35
419114.json,2023-06-06 17:28:35
419115.json,2023-06-06 17:28:35
419116.json,2023-06-06 17:28:35
419117.json,2023-06-06 17:28:35
419118.json,2023-06-06 17:28:35
419119.json,2023-06-06 17:28:35
419120.json,2023-06-06 17:28:35
419121.json,2023-06-06 17:28:35
419122.json,2023-06-06 17:28:35
419123.json,2023-06-06 17:28:35
419124.json,2023-06-06 17:28:35
419125.json,2023-06-06 17:28:35
419126.json,2023-06-06 17:28:35
419127.json,2023-06-06 17:28:35
419128.json,2023-06-06 17:28:35
419129.json,2023-06-06 17:28:35
419130.json,2023-06-06 17:28:35
419131.json,2023-06-06 17:28:35
419132.json,2023-06-06 17:28:35
419133.json,2023-06-06 17:28:35
419134.json,2023-06-06 17:28:35
419135.json,2023-06-06 17:28:35
419136.json,2023-06-06 17:28:35
419137.json,2023-06-06 17:28:35
419138.json,2023-06-06 17:28:35
419139.json,2023-06-06 17:28:35
419140.json,2023-06-06 17:28:35
419141.json,2023-06-06 17:28:35
419142.json,2023-06-06 17:28:35
419143.json,2023-06-06 17:28:35
419144.json,2023-06-06 17:28:35
419145.json,2023-06-06 17:28:35
419146.json,2023-06-06 17:28:35
419147.json,2023-06-06 17:28:35
419148.json,2023-06-06 17:28:35
419149.json,2023-06-06 17:28:35
419150.json,2023-06-06 17:28:35
419151.json,2023-06-06 17:28:35
419152.json,2023-06-06 17:28:35
419153.json,2023-06-06 17:28:35
419154.json,2023-06-06 17:28:35
419155.json,2023-06-06 17:28:35
419156.json,2023-06-06 17:28:35
419157.json,2023-06-06 17:28:35
419158.json,2023-06-06 17:28:35
419159.json,2023-06-06 17:28:35
419160.json,2023-06-06 17:28:35
419161.json,2023-06-06 17:28:35
419162.json,2023-06-06 17:28:35
419163.json,2023-06-06 17:28:35
419164.json,2023-06-06 17:28:35
419165.json,2023-06-06 17:28:35
501198.json,2023-06-06 17:28:35
501199.json,2023-06-06 17:28:35
501200.json,2023-06-06 17:28:36
501201.json,2023-06-06 17:28:36
501202.json,2023-06-06 17:28:36
501203.json,2023-06-06 17:28:36
501204.json,2023-06-06 17:28:36
501205.json,2023-06-06 17:28:36
501206.json,2023-06-06 17:28:36
501207.json,2023-06-06 17:28:36
501208.json,2023-06-06 17:28:36
501209.json,2023-06-06 17:28:36
501210.json,2023-06-06 17:28:36
501211.json,2023-06-06 17:28:36
501212.json,2023-06-06 17:28:36
501213.json,2023-06-06 17:28:36
501214.json,2023-06-06 17:28:36
501215.json,2023-06-06 17:28:36
501216.json,2023-06-06 17:28:36
501218.json,2023-06-06 17:28:36
501219.json,2023-06-06 17:28:36
501220.json,2023-06-06 17:28:36
501221.json,2023-06-06 17:28:36
501222.json,2023-06-06 17:28:36
501223.json,2023-06-06 17:28:36
501224.json,2023-06-06 17:28:36
501225.json,2023-06-06 17:28:36
501226.json,2023-06-06 17:28:36
501227.json,2023-06-06 17:28:36
501228.json,2023-06-06 17:28:36
501229.json,2023-06-06 17:28:36
501230.json,2023-06-06 17:28:36
501231.json,2023-06-06 17:28:36
501232.json,2023-06-06 17:28:36
501233.json,2023-06-06 17:28:36
501234.json,2023-06-06 17:28:36
501235.json,2023-06-06 17:28:36
501236.json,2023-06-06 17:28:36
501237.json,2023-06-06 17:28:36
501238.json,2023-06-06 17:28:36
501239.json,2023-06-06 17:28:36
501240.json,2023-06-06 17:28:36
501241.json,2023-06-06 17:28:36
501242.json,2023-06-06 17:28:36
501243.json,2023-06-06 17:28:36
501244.json,2023-06-06 17:28:36
501245.json,2023-06-06 17:28:36
501246.json,2023-06-06 17:28:36
501247.json,2023-06-06 17:28:36
501248.json,2023-06-06 17:28:36
501249.json,2023-06-06 17:28:36
501250.json,2023-06-06 17:28:36
501251.json,2023-06-06 17:28:36
501252.json,2023-06-06 17:28:36
501253.json,2023-06-06 17:28:36
501254.json,2023-06-06 17:28:36
501255.json,2023-06-06 17:28:36
501256.json,2023-06-06 17:28:36
501257.json,2023-06-06 17:28:36
501258.json,2023-06-06 17:28:36
501259.json,2023-06-06 17:28:36
501260.json,2023-06-06 17:28:36
501261.json,2023-06-06 17:28:36
501262.json,2023-06-06 17:28:36
501263.json,2023-06-06 17:28:36
501264.json,2023-06-06 17:28:36
501265.json,2023-06-06 17:28:36
501266.json,2023-06-06 17:28:36
501267.json,2023-06-06 17:28:36
501268.json,2023-06-06 17:28:36
501269.json,2023-06-06 17:28:36
501270.json,2023-06-06 17:28:36
501271.json,2023-06-06 17:28:36
548306.json,2023-06-06 17:28:36
548307.json,2023-06-06 17:28:36
548308.json,2023-06-06 17:28:36
548309.json,2023-06-06 17:28:36
548310.json,2023-06-06 17:28:36
548311.json,2023-06-06 17:28:36
548312.json,2023-06-06 17:28:36
548313.json,2023-06-06 17:28:36
548314.json,2023-06-06 17:28:36
548315.json,2023-06-06 17:28:36
548316.json,2023-06-06 17:28:36
548317.json,2023-06-06 17:28:36
548318.json,2023-06-06 17:28:36
548319.json,2023-06-06 17:28:36
548320.json,2023-06-06 17:28:36
548321.json,2023-06-06 17:28:36
548322.json,2023-06-06 17:28:36
548323.json,2023-06-06 17:28:36
548324.json,2023-06-06 17:28:36
548325.json,2023-06-06 17:28:36
548326.json,2023-06-06 17:28:36
548327.json,2023-06-06 17:28:36
548328.json,2023-06-06 17:28:36
548329.json,2023-06-06 17:28:36
548330.json,2023-06-06 17:28:36
548331.json,2023-06-06 17:28:36
548332.json,2023-06-06 17:28:36
548333.json,2023-06-06 17:28:36
548334.json,2023-06-06 17:28:36
548335.json,2023-06-06 17:28:36
548336.json,2023-06-06 17:28:36
548337.json,2023-06-06 17:28:36
548339.json,2023-06-06 17:28:36
548341.json,2023-06-06 17:28:36
548342.json,2023-06-06 17:28:36
548343.json,2023-06-06 17:28:36
548344.json,2023-06-06 17:28:36
548345.json,2023-06-06 17:28:36
548346.json,2023-06-06 17:28:36
548347.json,2023-06-06 17:28:36
548348.json,2023-06-06 17:28:36
548349.json,2023-06-06 17:28:36
548350.json,2023-06-06 17:28:36
548351.json,2023-06-06 17:28:36
548352.json,2023-06-06 17:28:36
548353.json,2023-06-06 17:28:36
548354.json,2023-06-06 17:28:36
548355.json,2023-06-06 17:28:36
548356.json,2023-06-06 17:28:36
548357.json,2023-06-06 17:28:36
548358.json,2023-06-06 17:28:36
548359.json,2023-06-06 17:28:36
548360.json,2023-06-06 17:28:36
548361.json,2023-06-06 17:28:36
548362.json,2023-06-06 17:28:36
548363.json,2023-06-06 17:28:36
548364.json,2023-06-06 17:28:36
548365.json,2023-06-06 17:28:36
548366.json,2023-06-06 17:28:36
548367.json,2023-06-06 17:28:36
548368.json,2023-06-06 17:28:36
548369.json,2023-06-06 17:28:36
548370.json,2023-06-06 17:28:36
548371.json,2023-06-06 17:28:36
548372.json,2023-06-06 17:28:36
548373.json,2023-06-06 17:28:36
548374.json,2023-06-06 17:28:36
548375.json,2023-06-06 17:28:36
548376.json,2023-06-06 17:28:36
548377.json,2023-06-06 17:28:36
548378.json,2023-06-06 17:28:36
548379.json,2023-06-06 17:28:36
548380.json,2023-06-06 17:28:36
548381.json,2023-06-06 17:28:36
597998.json,2023-06-06 17:28:36
597999.json,2023-06-06 17:28:36
598000.json,2023-06-06 17:28:36
598001.json,2023-06-06 17:28:36
598002.json,2023-06-06 17:28:36
598003.json,2023-06-06 17:28:36
598004.json,2023-06-06 17:28:36
598005.json,2023-06-06 17:28:36
598006.json,2023-06-06 17:28:36
598007.json,2023-06-06 17:28:36
598008.json,2023-06-06 17:28:36
598009.json,2023-06-06 17:28:36
598010.json,2023-06-06 17:28:36
598011.json,2023-06-06 17:28:36
598012.json,2023-06-06 17:28:36
598013.json,2023-06-06 17:28:37
598014.json,2023-06-06 17:28:37
598015.json,2023-06-06 17:28:37
598016.json,2023-06-06 17:28:37
598017.json,2023-06-06 17:28:37
598018.json,2023-06-06 17:28:37
598019.json,2023-06-06 17:28:37
598020.json,2023-06-06 17:28:37
598021.json,2023-06-06 17:28:37
598022.json,2023-06-06 17:28:37
598023.json,2023-06-06 17:28:37
598024.json,2023-06-06 17:28:37
598025.json,2023-06-06 17:28:37
598026.json,2023-06-06 17:28:37
598027.json,2023-06-06 17:28:37
598028.json,2023-06-06 17:28:37
598029.json,2023-06-06 17:28:37
598030.json,2023-06-06 17:28:37
598031.json,2023-06-06 17:28:37
598032.json,2023-06-06 17:28:37
598033.json,2023-06-06 17:28:37
598034.json,2023-06-06 17:28:37
598035.json,2023-06-06 17:28:37
598036.json,2023-06-06 17:28:37
598037.json,2023-06-06 17:28:37
598038.json,2023-06-06 17:28:37
598039.json,2023-06-06 17:28:37
598040.json,2023-06-06 17:28:37
598041.json,2023-06-06 17:28:37
598042.json,2023-06-06 17:28:37
598043.json,2023-06-06 17:28:37
598044.json,2023-06-06 17:28:37
598045.json,2023-06-06 17:28:37
598046.json,2023-06-06 17:28:37
598047.json,2023-06-06 17:28:37
598048.json,2023-06-06 17:28:37
598049.json,2023-06-06 17:28:37
598050.json,2023-06-06 17:28:37
598051.json,2023-06-06 17:28:37
598052.json,2023-06-06 17:28:37
598053.json,2023-06-06 17:28:37
598054.json,2023-06-06 17:28:37
598055.json,2023-06-06 17:28:37
598056.json,2023-06-06 17:28:37
598057.json,2023-06-06 17:28:37
598058.json,2023-06-06 17:28:37
598059.json,2023-06-06 17:28:37
598060.json,2023-06-06 17:28:37
598061.json,2023-06-06 17:28:37
598062.json,2023-06-06 17:28:37
598063.json,2023-06-06 17:28:37
598064.json,2023-06-06 17:28:37
598065.json,2023-06-06 17:28:37
598066.json,2023-06-06 17:28:37
598067.json,2023-06-06 17:28:37
598068.json,2023-06-06 17:28:37
598069.json,2023-06-06 17:28:37
598070.json,2023-06-06 17:28:37
598071.json,2023-06-06 17:28:37
598072.json,2023-06-06 17:28:37
598073.json,2023-06-06 17:28:37
729279.json,2023-06-06 17:28:37
729281.json,2023-06-06 17:28:37
729283.json,2023-06-06 17:28:37
729285.json,2023-06-06 17:28:37
729287.json,2023-06-06 17:28:37
729289.json,2023-06-06 17:28:37
729291.json,2023-06-06 17:28:37
729293.json,2023-06-06 17:28:37
729295.json,2023-06-06 17:28:37
729297.json,2023-06-06 17:28:37
729299.json,2023-06-06 17:28:37
729301.json,2023-06-06 17:28:37
729303.json,2023-06-06 17:28:37
729305.json,2023-06-06 17:28:37
729307.json,2023-06-06 17:28:37
729309.json,2023-06-06 17:28:37
729311.json,2023-06-06 17:28:37
729313.json,2023-06-06 17:28:37
729315.json,2023-06-06 17:28:37
729317.json,2023-06-06 17:28:37
733971.json,2023-06-06 17:28:37
733973.json,2023-06-06 17:28:37
733975.json,2023-06-06 17:28:37
733977.json,2023-06-06 17:28:37
733979.json,2023-06-06 17:28:37
733981.json,2023-06-06 17:28:37
733983.json,2023-06-06 17:28:37
733985.json,2023-06-06 17:28:37
733987.json,2023-06-06 17:28:37
733989.json,2023-06-06 17:28:37
733991.json,2023-06-06 17:28:37
733993.json,2023-06-06 17:28:37
733995.json,2023-06-06 17:28:37
733997.json,2023-06-06 17:28:37
733999.json,2023-06-06 17:28:37
734001.json,2023-06-06 17:28:37
734003.json,2023-06-06 17:28:37
734005.json,2023-06-06 17:28:37
734007.json,2023-06-06 17:28:37
734009.json,2023-06-06 17:28:37
734011.json,2023-06-06 17:28:37
734013.json,2023-06-06 17:28:37
734015.json,2023-06-06 17:28:37
734017.json,2023-06-06 17:28:37
734019.json,2023-06-06 17:28:37
734021.json,2023-06-06 17:28:37
734023.json,2023-06-06 17:28:37
734025.json,2023-06-06 17:28:37
734027.json,2023-06-06 17:28:37
734029.json,2023-06-06 17:28:37
734031.json,2023-06-06 17:28:37
734033.json,2023-06-06 17:28:37
734035.json,2023-06-06 17:28:37
734037.json,2023-06-06 17:28:37
734039.json,2023-06-06 17:28:37
734041.json,2023-06-06 17:28:37
734043.json,2023-06-06 17:28:37
734045.json,2023-06-06 17:28:37
734047.json,2023-06-06 17:28:37
734049.json,2023-06-06 17:28:37
829705.json,2023-06-06 17:28:37
829707.json,2023-06-06 17:28:37
829709.json,2023-06-06 17:28:37
829711.json,2023-06-06 17:28:37
829713.json,2023-06-06 17:28:37
829715.json,2023-06-06 17:28:37
829717.json,2023-06-06 17:28:37
829719.json,2023-06-06 17:28:37
829721.json,2023-06-06 17:28:37
829723.json,2023-06-06 17:28:37
829725.json,2023-06-06 17:28:37
829727.json,2023-06-06 17:28:37
829729.json,2023-06-06 17:28:37
829731.json,2023-06-06 17:28:37
829733.json,2023-06-06 17:28:37
829735.json,2023-06-06 17:28:37
829737.json,2023-06-06 17:28:37
829739.json,2023-06-06 17:28:37
829741.json,2023-06-06 17:28:37
829743.json,2023-06-06 17:28:37
829745.json,2023-06-06 17:28:37
829747.json,2023-06-06 17:28:37
829749.json,2023-06-06 17:28:37
829751.json,2023-06-06 17:28:37
829753.json,2023-06-06 17:28:37
829757.json,2023-06-06 17:28:37
829759.json,2023-06-06 17:28:37
829761.json,2023-06-06 17:28:37
829763.json,2023-06-06 17:28:37
829765.json,2023-06-06 17:28:37
829767.json,2023-06-06 17:28:37
829769.json,2023-06-06 17:28:37
829771.json,2023-06-06 17:28:37
829773.json,2023-06-06 17:28:37
829775.json,2023-06-06 17:28:37
829777.json,2023-06-06 17:28:37
829779.json,2023-06-06 17:28:37
829781.json,2023-06-06 17:28:38
829783.json,2023-06-06 17:28:38
829785.json,2023-06-06 17:28:38
829787.json,2023-06-06 17:28:38
829789.json,2023-06-06 17:28:38
829791.json,2023-06-06 17:28:38
829793.json,2023-06-06 17:28:38
829795.json,2023-06-06 17:28:38
829797.json,2023-06-06 17:28:38
829799.json,2023-06-06 17:28:38
829801.json,2023-06-06 17:28:38
829803.json,2023-06-06 17:28:38
829805.json,2023-06-06 17:28:38
829807.json,2023-06-06 17:28:38
829809.json,2023-06-06 17:28:38
829811.json,2023-06-06 17:28:38
829813.json,2023-06-06 17:28:38
829815.json,2023-06-06 17:28:38
829817.json,2023-06-06 17:28:38
829819.json,2023-06-06 17:28:38
829821.json,2023-06-06 17:28:38
829823.json,2023-06-06 17:28:38
980901.json,2023-06-06 17:28:38
980903.json,2023-06-06 17:28:38
980905.json,2023-06-06 17:28:38
980907.json,2023-06-06 17:28:38
980909.json,2023-06-06 17:28:38
980911.json,2023-06-06 17:28:38
980913.json,2023-06-06 17:28:38
980915.json,2023-06-06 17:28:38
980917.json,2023-06-06 17:28:38
980919.json,2023-06-06 17:28:38
980921.json,2023-06-06 17:28:38
980923.json,2023-06-06 17:28:38
980925.json,2023-06-06 17:28:38
980927.json,2023-06-06 17:28:38
980929.json,2023-06-06 17:28:38
980931.json,2023-06-06 17:28:38
980933.json,2023-06-06 17:28:38
980935.json,2023-06-06 17:28:38
980937.json,2023-06-06 17:28:38
980939.json,2023-06-06 17:28:38
980941.json,2023-06-06 17:28:38
980943.json,2023-06-06 17:28:38
980945.json,2023-06-06 17:28:38
980947.json,2023-06-06 17:28:38
980949.json,2023-06-06 17:28:38
980951.json,2023-06-06 17:28:38
980953.json,2023-06-06 17:28:38
980955.json,2023-06-06 17:28:38
980957.json,2023-06-06 17:28:38
980959.json,2023-06-06 17:28:38
980961.json,2023-06-06 17:28:38
980963.json,2023-06-06 17:28:38
980965.json,2023-06-06 17:28:38
980967.json,2023-06-06 17:28:38
980969.json,2023-06-06 17:28:38
980971.json,2023-06-06 17:28:38
980973.json,2023-06-06 17:28:38
980975.json,2023-06-06 17:28:38
980977.json,2023-06-06 17:28:38
980979.json,2023-06-06 17:28:38
980981.json,2023-06-06 17:28:38
980983.json,2023-06-06 17:28:38
980985.json,2023-06-06 17:28:38
980987.json,2023-06-06 17:28:38
980989.json,2023-06-06 17:28:38
980991.json,2023-06-06 17:28:38
980993.json,2023-06-06 17:28:38
980995.json,2023-06-06 17:28:38
980997.json,2023-06-06 17:28:38
980999.json,2023-06-06 17:28:38
981001.json,2023-06-06 17:28:38
981003.json,2023-06-06 17:28:38
981005.json,2023-06-06 17:28:38
981007.json,2023-06-06 17:28:38
981009.json,2023-06-06 17:28:38
981011.json,2023-06-06 17:28:38
981013.json,2023-06-06 17:28:38
981015.json,2023-06-06 17:28:38
981017.json,2023-06-06 17:28:38
981019.json,2023-06-06 17:28:38
